{
    "status": "success",
    "data": [
        {
            "tradingsymbol": "ITC",
            "exchange": "NSE",
            "instrument_token": 424970,
            "isin": "INE154A01025",
            "product": "CNC",
            "price": 0,
            "quantity": 8,
            "t1_quantity": 0,
            "realised_quantity": 8,
            "authorised_quantity": 0,
            "authorised_date": "2023-01-13 00:00:00",
            "opening_quantity": 8,
            "collateral_quantity": 0,
            "collateral_type": "",
            "discrepancy": false,
            "average_price": 258,
            "last_price": 328.6,
            "close_price": 329.85,
            "pnl": 564.8000000000002,
            "day_change": -1.25,
            "day_change_percentage": -0.37896013339396695,
            "auction_number": "2568"
        },
        {
            "tradingsymbol": "NCC",
            "exchange": "NSE",
            "instrument_token": 593674,
            "isin": "INE868B01028",
            "product": "CNC",
            "price": 0,
            "quantity": 1,
            "t1_quantity": 0,
            "realised_quantity": 1,
            "authorised_quantity": 0,
            "authorised_date": "2023-01-13 00:00:00",
            "opening_quantity": 1,
            "collateral_quantity": 0,
            "collateral_type": "",
            "discrepancy": false,
            "average_price": 100.15,
            "last_price": 92.7,
            "close_price": 93.4,
            "pnl": -7.450000000000003,
            "day_change": -0.7000000000000028,
            "day_change_percentage": -0.7494646680942214,
            "auction_number": "5049"
        },
        {
            "tradingsymbol": "NILASPACES",
            "exchange": "NSE",
            "instrument_token": 1897226,
            "isin": "INE00S901012",
            "product": "CNC",
            "price": 0,
            "quantity": 1,
            "t1_quantity": 0,
            "realised_quantity": 1,
            "authorised_quantity": 0,
            "authorised_date": "2023-01-13 00:00:00",
            "opening_quantity": 1,
            "collateral_quantity": 0,
            "collateral_type": "",
            "discrepancy": false,
            "average_price": 2.45,
            "last_price": 3.55,
            "close_price": 3.52,
            "pnl": 1.0999999999999996,
            "day_change": 0.029999999999999805,
            "day_change_percentage": 0.8522727272727216,
            "auction_number": "5053"
        },
        {
            "tradingsymbol": "UCOBANK",
            "exchange": "NSE",
            "instrument_token": 2873098,
            "isin": "INE691A01018",
            "product": "CNC",
            "price": 0,
            "quantity": 1,
            "t1_quantity": 0,
            "realised_quantity": 1,
            "authorised_quantity": 0,
            "authorised_date": "2023-01-13 00:00:00",
            "opening_quantity": 1,
            "collateral_quantity": 0,
            "collateral_type": "",
            "discrepancy": false,
            "average_price": 32.9,
            "last_price": 30.05,
            "close_price": 29.9,
            "pnl": -2.849999999999998,
            "day_change": 0.15000000000000213,
            "day_change_percentage": 0.5016722408026827,
            "auction_number": "7558"
        }
    ]
}