{
    "status": "success",
    "data": [
        {
            "id": 105099,
            "user_id": "PH2965",
            "parent_trigger": null,
            "type": "two-leg",
            "created_at": "2019-09-09 15:13:22",
            "updated_at": "2019-09-09 15:15:08",
            "expires_at": "2020-01-01 12:00:00",
            "status": "triggered",
            "condition": {
                "exchange": "NSE",
                "last_price": 102.6,
                "tradingsymbol": "RAIN",
                "trigger_values": [
                    102,
                    103.7
                ],
                "instrument_token": 3926273
            },
            "orders": [
                {
                    "account_id": "",
                    "parent_order_id": "",
                    "exchange": "NSE",
                    "tradingsymbol": "RAIN",
                    "validity": "",
                    "product": "CNC",
                    "order_type": "LIMIT",
                    "transaction_type": "SELL",
                    "quantity": 1,
                    "disclosed_quantity": 0,
                    "price": 1,
                    "trigger_price": 0,
                    "ltp_atp": "",
                    "squareoff_abs_tick": "",
                    "stoploss_abs_tick": "",
                    "squareoff": 0,
                    "stoploss": 0,
                    "trailing_stoploss": 0,
                    "meta": "",
                    "guid": "",
                    "result": null
                },
                {
                    "account_id": "",
                    "parent_order_id": "",
                    "exchange": "NSE",
                    "tradingsymbol": "RAIN",
                    "validity": "",
                    "product": "CNC",
                    "order_type": "LIMIT",
                    "transaction_type": "SELL",
                    "quantity": 1,
                    "disclosed_quantity": 0,
                    "price": 1,
                    "trigger_price": 0,
                    "ltp_atp": "",
                    "squareoff_abs_tick": "",
                    "stoploss_abs_tick": "",
                    "squareoff": 0,
                    "stoploss": 0,
                    "trailing_stoploss": 0,
                    "meta": "",
                    "guid": "",
                    "result": {
                        "account_id": "PH2965",
                        "parent_order_id": "",
                        "exchange": "NSE",
                        "tradingsymbol": "RAIN",
                        "validity": "DAY",
                        "product": "CNC",
                        "order_type": "LIMIT",
                        "transaction_type": "SELL",
                        "quantity": 1,
                        "disclosed_quantity": 0,
                        "price": 1,
                        "trigger_price": 0,
                        "ltp_atp": "LTP",
                        "squareoff_abs_tick": "absolute",
                        "stoploss_abs_tick": "absolute",
                        "squareoff": 0,
                        "stoploss": 0,
                        "trailing_stoploss": 0,
                        "meta": "{\"app_id\":12617,\"gtt\":105099}",
                        "guid": "",
                        "timestamp": "2019-09-09 15:15:08",
                        "triggered_at": 103.7,
                        "order_result": {
                            "status": "failed",
                            "order_id": "",
                            "rejection_reason": "Your order price is lower than the current lower circuit limit of 70.65. Place an order within the daily range."
                        }
                    }
                }
            ],
            "meta": null
        }
    ]
}