{
  "status": "success",
  "data": [
    {
      "tradingsymbol": "GOLDBEES",
      "exchange": "BSE",
      "instrument_token": 151064324,
      "isin": "INF204KB17I5",
      "product": "CNC",
      "price": 0,
      "quantity": 2,
      "used_quantity": 0,
      "t1_quantity": 0,
      "realised_quantity": 2,
      "authorised_quantity": 0,
      "authorised_date": "2021-06-08 00:00:00",
      "opening_quantity": 2,
      "collateral_quantity": 0,
      "collateral_type": "",
      "discrepancy": false,
      "average_price": 40.67,
      "last_price": 42.47,
      "close_price": 42.28,
      "pnl": 3.5999999999999943,
      "day_change": 0.18999999999999773,
      "day_change_percentage": 0.44938505203405327
    },
    {
      "tradingsymbol": "IDEA",
      "exchange": "NSE",
      "instrument_token": 3677697,
      "isin": "INE669E01016",
      "product": "CNC",
      "price": 0,
      "quantity": 5,
      "used_quantity": 0,
      "t1_quantity": 0,
      "realised_quantity": 5,
      "authorised_quantity": 0,
      "authorised_date": "2021-06-08 00:00:00",
      "opening_quantity": 5,
      "collateral_quantity": 0,
      "collateral_type": "",
      "discrepancy": false,
      "average_price": 8.466,
      "last_price": 10,
      "close_price": 10.1,
      "pnl": 7.6700000000000035,
      "day_change": -0.09999999999999964,
      "day_change_percentage": -0.9900990099009866
    }
  ]
}
