instrument_token,exchange_token,tradingsymbol,name,last_price,expiry,strike,tick_size,lot_size,instrument_type,segment,exchange
3813889,14898,CENTRALBK-BE,CENTRAL BANK OF INDIA,0.0,,0.0,0.05,1,EQ,NSE,NSE
4645121,18145,EMMBI-BL,EMMBI INDUSTRIES,0.0,,0.0,0.05,1,EQ,NSE,NSE
4531969,17703,MIDCAPIWIN-BL,ICICI PRU MIDCAP IWIN ETF,0.0,,0.0,0.01,1,EQ,NSE,NSE
5533953,21617,ABCAPITAL-BL,ADITYA BIRLA CAPITAL,0.0,,0.0,0.05,1,EQ,NSE,NSE
3861249,15083,ADANIPORTS,ADANI PORT & SEZ,0.0,,0.0,0.05,1,EQ,NSE,NSE
4419329,17263,ARMANFIN,ARMAN FIN SERV,0.0,,0.0,0.05,1,EQ,NSE,NSE
3713281,14505,BALAMINES-BE,BALAJI AMINES,0.0,,0.0,0.05,1,EQ,NSE,NSE
1373441,5365,BATAINDIA-BE,BATA INDIA DEP RS,0.0,,0.0,0.05,1,EQ,NSE,NSE
5421569,21178,CDSL-BE,CENTRAL DEPO SER (I),0.0,,0.0,0.05,1,EQ,NSE,NSE
5421313,21177,CDSL-BL,CENTRAL DEPO SER (I),0.0,,0.0,0.05,1,EQ,NSE,NSE
1374209,5368,CHENNPETRO-BE,CHENNAI PETRO CORP DE,0.0,,0.0,0.05,1,EQ,NSE,NSE
3419393,13357,GANGOTRI,GANGOTRI TEXTILES,0.0,,0.0,0.05,1,EQ,NSE,NSE
2703361,10560,NAVKARCORP-BL,NAVKAR CORPORATION,0.0,,0.0,0.05,1,EQ,NSE,NSE
5001473,19537,PDPL,PARENTERAL DRUGS,0.0,,0.0,0.05,1,EQ,NSE,NSE
5420545,21174,CDSL,CENTRAL DEPO SER (I),0.0,,0.0,0.05,1,EQ,NSE,NSE
3370497,13166,CELEBRITY-BL,CELEBRITY FASHIONS,0.0,,0.0,0.05,1,EQ,NSE,NSE
3146497,12291,CENTEXT-BL,CENTURY EXTRUSIONS,0.0,,0.0,0.05,1,EQ,NSE,NSE
4550145,17774,GROBTEA-BE,THE GROB TEA COMPANY,0.0,,0.0,0.05,1,EQ,NSE,NSE
6938881,27105,CHROMATIC-BE,CHROMATIC INDIA,0.0,,0.0,0.05,1,EQ,NSE,NSE
4578305,17884,DBCORP-BL,D.B.CORP,0.0,,0.0,0.05,1,EQ,NSE,NSE
3155457,12326,DCW-BL,DCW,0.0,,0.0,0.05,1,EQ,NSE,NSE
5101569,19928,HUDCO-N8,7.64% TAX FREETRI SR2B,0.0,,0.0,0.01,1,EQ,NSE,NSE
1707521,6670,INFARINDIA,INFAR (INDIA),0.0,,0.0,0.05,1,EQ,NSE,NSE
1219329,4763,BANKBARODA-BE,BOB - DEPO SETT,0.0,,0.0,0.05,1,EQ,NSE,NSE
2928385,11439,BANKBEES,RELIANCE ETF BANK BEES,0.0,,0.0,0.01,1,EQ,NSE,NSE
3715841,14515,BANSWRAS-BE,BANSWARA SYNTEX,0.0,,0.0,0.05,1,EQ,NSE,NSE
3137281,12255,BERGEPAINT-BL,BERGER PAINTS (I),0.0,,0.0,0.05,1,EQ,NSE,NSE
3901185,15239,BIRLAMONEY,ADITYA BIRLA MONEY,0.0,,0.0,0.05,1,EQ,NSE,NSE
1789185,6989,CARRIERAIR-BE,CARRIER AIRCON DEPO,0.0,,0.0,0.05,1,EQ,NSE,NSE
3123713,12202,CASTEXTECH-BL,CASTEX TECHNOLOGIES,0.0,,0.0,0.05,1,EQ,NSE,NSE
5534209,21618,ABCAPITAL-BE,ADITYA BIRLA CAPITAL,0.0,,0.0,0.05,1,EQ,NSE,NSE
3412225,13329,ERAINFRA-BL,ERA INFRA ENGINEERING,0.0,,0.0,0.05,1,EQ,NSE,NSE
1884161,7360,SETFNN50-BL,SBI-ETF NIFTY NEXT 50,0.0,,0.0,0.01,1,EQ,NSE,NSE
3028225,11829,SSWL,STEEL STRIPS WHEELS,0.0,,0.0,0.05,1,EQ,NSE,NSE
6128129,23938,ESSARPORTS-BE,ESSAR PORTS,0.0,,0.0,0.05,1,EQ,NSE,NSE
4671233,18247,DEEPIND-BL,DEEP INDUSTRIES,0.0,,0.0,0.05,1,EQ,NSE,NSE
6562305,25634,ESSARSHPNG,ESSAR SHIPPING,0.0,,0.0,0.05,1,EQ,NSE,NSE
3604481,14080,GODREJIND-BE,GODREJ INDUSTRIES,0.0,,0.0,0.05,1,EQ,NSE,NSE
4527361,17685,GPTINFRA,GPT INFRAPROJECTS,0.0,,0.0,0.05,1,EQ,NSE,NSE
211713,827,DEEPAKFERT,DEEPAK FERTILIZERS & PETR,0.0,,0.0,0.05,1,EQ,NSE,NSE
1256193,4907,ENGINERSIN,ENGINEERS INDIA,0.0,,0.0,0.05,1,EQ,NSE,NSE
3449089,13473,GTNTEX,GTN TEXTILES,0.0,,0.0,0.05,1,EQ,NSE,NSE
5003009,19543,HDFCMFGETF,HDFC GOLD ETF,0.0,,0.0,0.05,1,EQ,NSE,NSE
2166273,8462,DUNCANSIND-BE,DUNCANS INDUSTRIES,0.0,,0.0,0.05,1,EQ,NSE,NSE
3798529,14838,DECCANCE,DECCAN CEMENTS,0.0,,0.0,0.05,1,EQ,NSE,NSE
212481,830,DEEPAKNITR,DEEPAK NITRITE,0.0,,0.0,0.05,1,EQ,NSE,NSE
3542273,13837,DONEAR-BL,DONEAR IND.,0.0,,0.0,0.05,1,EQ,NSE,NSE
3862529,15088,EDL,EMPEE DISTI.,0.0,,0.0,0.05,1,EQ,NSE,NSE
2389505,9334,RAVALSUGAR-BE,RAVALGAONSUGAR FARM,0.0,,0.0,0.05,1,EQ,NSE,NSE
7697153,30067,DUNCANSLTD-BE,DUNCANS INDUSTRIES,0.0,,0.0,0.05,1,EQ,NSE,NSE
4818433,18822,ENDURANCE,ENDURANCE TECHNO.,0.0,,0.0,0.05,1,EQ,NSE,NSE
2683649,10483,ENTEGRA,ENTEGRA,0.0,,0.0,0.05,1,EQ,NSE,NSE
3411713,13327,ERAINFRA,ERA INFRA ENGINEERING,0.0,,0.0,0.05,1,EQ,NSE,NSE
6563329,25638,ESSARSHPNG-BE,ESSAR SHIPPING,0.0,,0.0,0.05,1,EQ,NSE,NSE
4352001,17000,GISOLUTION-BE,GI ENGINEERING SOLNS,0.0,,0.0,0.05,1,EQ,NSE,NSE
1934849,7558,GONTERPEIP-BE,GONTERMANN PEIPERS DEPO,0.0,,0.0,0.05,1,EQ,NSE,NSE
2185985,8539,GTNIND-BE,GTN INDUSTRIES,0.0,,0.0,0.05,1,EQ,NSE,NSE
3179009,12418,GUFICBIO-BL,GUFIC BIOSCIENCES,0.0,,0.0,0.05,1,EQ,NSE,NSE
4915969,19203,SGBNOV24-GB,2.50% GOLDBONDS2024 TR-VI,0.0,,0.0,0.01,1,EQ,NSE,NSE
5401857,21101,STARCEMENT-BE,STAR CEMENT,0.0,,0.0,0.05,1,EQ,NSE,NSE
5533185,21614,ABCAPITAL,ADITYA BIRLA CAPITAL,0.0,,0.0,0.05,1,EQ,NSE,NSE
3372545,13174,BALKRISIND-BL,BALKRISHNA IND.,0.0,,0.0,0.05,1,EQ,NSE,NSE
2160129,8438,DATAPROINF-BE,DATAPROINFO - ROLL SETT,0.0,,0.0,0.05,1,EQ,NSE,NSE
7590401,29650,HUDCO-N7,BOND 7.19% PA TAX FREE S2,0.0,,0.0,0.01,1,EQ,NSE,NSE
3914497,15291,HERCULES-BL,HERCULES HOI.,0.0,,0.0,0.05,1,EQ,NSE,NSE
4365313,17052,HARITASEAT,HARITA SEATING SYS.,0.0,,0.0,0.05,1,EQ,NSE,NSE
3183361,12435,HERITGFOOD-BL,HERITAGE FOODS,0.0,,0.0,0.05,1,EQ,NSE,NSE
1806849,7058,HESTERBIO-BL,HESTER BIOSCIENCES,0.0,,0.0,0.05,1,EQ,NSE,NSE
4895233,19122,HIGHGROUND-BE,HIGH GROUND ENTP,0.0,,0.0,0.05,1,EQ,NSE,NSE
3508225,13704,HINDZINC-BL,HINDUSTAN ZINC,0.0,,0.0,0.05,1,EQ,NSE,NSE
1804289,7048,HESTERBIO,HESTER BIOSCIENCES,0.0,,0.0,0.05,1,EQ,NSE,NSE
4894977,19121,HIGHGROUND-BL,HIGH GROUND ENTP,0.0,,0.0,0.05,1,EQ,NSE,NSE
3188225,12454,HIL-BL,HIL,0.0,,0.0,0.05,1,EQ,NSE,NSE
3745537,14631,HILTON-BE,HILTON METAL FORGING,0.0,,0.0,0.05,1,EQ,NSE,NSE
4593409,17943,HINDCOPPER-BE,HINDUSTAN COPPER,0.0,,0.0,0.05,1,EQ,NSE,NSE
4364801,17050,HINDNATGLS-BE,HIND NATL GLASS & IND,0.0,,0.0,0.05,1,EQ,NSE,NSE
4767233,18622,IBULHSGFIN-N7,SEC RED NCD SR. IV,0.0,,0.0,0.01,1,EQ,NSE,NSE
7589889,29648,HUDCO-N6,BOND 7.03% PA TAX FREE S1,0.0,,0.0,0.01,1,EQ,NSE,NSE
5110273,19962,HUDCO-NA,8.14% TAX FREETRI SR1A,0.0,,0.0,0.01,1,EQ,NSE,NSE
3790593,14807,HDIL-BE,HOUSING DEV & INFRA,0.0,,0.0,0.05,1,EQ,NSE,NSE
3914753,15292,HERCULES-BE,HERCULES HOI.,0.0,,0.0,0.05,1,EQ,NSE,NSE
4774913,18652,ICICIPRULI,ICICI PRU LIFE INS CO,0.0,,0.0,0.05,1,EQ,NSE,NSE
3607041,14090,IGPL-BE,I G PETROCHEMICALS,0.0,,0.0,0.05,1,EQ,NSE,NSE
3606017,14086,IGPL,I G PETROCHEMICALS,0.0,,0.0,0.05,1,EQ,NSE,NSE
3718401,14525,ICRA-BL,ICRA,0.0,,0.0,0.05,1,EQ,NSE,NSE
3489793,13632,ICSA,ICSA (INDIA),0.0,,0.0,0.05,1,EQ,NSE,NSE
3189761,12460,IDBI-BL,IDBI BANK,0.0,,0.0,0.05,1,EQ,NSE,NSE
2795521,10920,IDFCBANK-NE,BOND 0% 2022 TR-3 SR-II,0.0,,0.0,0.01,1,EQ,NSE,NSE
2883073,11262,IGL,INDRAPRASTHA GAS,0.0,,0.0,0.05,1,EQ,NSE,NSE
5357825,20929,JALAN-SM,JALAN TRANSOLU. INDIA,0.0,,0.0,0.05,1,EQ,NSE,NSE
1388801,5425,JBFIND-BE,JBF INDUS -DEP-LS ML,0.0,,0.0,0.05,1,EQ,NSE,NSE
3083265,12044,JCHAC-BL,JOHNSON CONTROLS HITACHI,0.0,,0.0,0.05,1,EQ,NSE,NSE
3857153,15067,JCTEL-BL,JCT ELE.,0.0,,0.0,0.05,1,EQ,NSE,NSE
2997505,11709,JETAIRWAYS,JET AIRWAYS (INDIA),0.0,,0.0,0.05,1,EQ,NSE,NSE
3513089,13723,JHS-BE,JHS SVEND. LAB.,0.0,,0.0,0.05,1,EQ,NSE,NSE
3006209,11743,JINDALPHOT,JINDAL PHOTO,0.0,,0.0,0.05,1,EQ,NSE,NSE
4400641,17190,SHRIPISTON-BE,SHRIRAM PIST. & RING,0.0,,0.0,0.05,1,EQ,NSE,NSE
2122497,8291,SHRIYAMSEC-BE,SHRIYAM SEC & FIN,0.0,,0.0,0.05,1,EQ,NSE,NSE
510209,1993,IRFC-ND,BOND 8.44% PA TF TII-SIB,0.0,,0.0,0.01,1,EQ,NSE,NSE
