instrument_token,exchange_token,tradingsymbol,name,last_price,expiry,strike,tick_size,lot_size,instrument_type,segment,exchange
3813889,14898,WEIRDSTRIKE,WEIRD STRIKE,10.01,,1.314E+1,0.05,1,EQ,NSE,NSE
3813889,14898,CENTRALBK-BE,CENTRAL BANK OF INDIA,0.0,,0.0,0.05,1,EQ,NSE,NSE
4645121,18145,EMMBI-BL,EMMBI INDUSTRIES,0.0,,0.0,0.05,1,EQ,NSE,NSE
4531969,17703,MIDCAPIWIN-BL,ICICI PRU MIDCAP IWIN ETF,0.0,,0.0,0.01,1,EQ,NSE,NSE
5533953,21617,ABCAPITAL-BL,ADITYA BIRLA CAPITAL,0.0,,0.0,0.05,1,EQ,NSE,NSE
3861249,15083,ADANIPORTS,ADANI PORT & SEZ,0.0,,0.0,0.05,1,EQ,NSE,NSE
4419329,17263,ARMANFIN,ARMAN FIN SERV,0.0,,0.0,0.05,1,EQ,NSE,NSE
12073986,47164,BANKNIFTY18JAN23500CE,,2528.4,2018-01-25,23500.0,0.05,40,CE,NFO-OPT,NFO
13693186,53489,ADANIPORTS17DEC490PE,,80.65,2017-12-28,490.0,0.05,2500,PE,NFO-OPT,NFO
136483588,533139,FFTF16BGR,FORTIS FIXED TERM FUND - SERIE,0.0,,0.0,0.01,1,EQ,BSE,BSE
3713281,14505,BALAMINES-BE,BALAJI AMINES,0.0,,0.0,0.05,1,EQ,NSE,NSE
1373441,5365,BATAINDIA-BE,BATA INDIA DEP RS,0.0,,0.0,0.05,1,EQ,NSE,NSE
5421569,21178,CDSL-BE,CENTRAL DEPO SER (I),0.0,,0.0,0.05,1,EQ,NSE,NSE
5421313,21177,CDSL-BL,CENTRAL DEPO SER (I),0.0,,0.0,0.05,1,EQ,NSE,NSE
1374209,5368,CHENNPETRO-BE,CHENNAI PETRO CORP DE,0.0,,0.0,0.05,1,EQ,NSE,NSE
3419393,13357,GANGOTRI,GANGOTRI TEXTILES,0.0,,0.0,0.05,1,EQ,NSE,NSE
2703361,10560,NAVKARCORP-BL,NAVKAR CORPORATION,0.0,,0.0,0.05,1,EQ,NSE,NSE
5001473,19537,PDPL,PARENTERAL DRUGS,0.0,,0.0,0.05,1,EQ,NSE,NSE
12074242,47165,BANKNIFTY18JAN23500PE,,35.15,2018-01-25,23500.0,0.05,40,PE,NFO-OPT,NFO
12074498,47166,BANKNIFTY18JAN23600CE,,2435.55,2018-01-25,23600.0,0.05,40,CE,NFO-OPT,NFO
5420545,21174,CDSL,CENTRAL DEPO SER (I),0.0,,0.0,0.05,1,EQ,NSE,NSE
3370497,13166,CELEBRITY-BL,CELEBRITY FASHIONS,0.0,,0.0,0.05,1,EQ,NSE,NSE
12074754,47167,BANKNIFTY18JAN23600PE,,41.25,2018-01-25,23600.0,0.05,40,PE,NFO-OPT,NFO
3146497,12291,CENTEXT-BL,CENTURY EXTRUSIONS,0.0,,0.0,0.05,1,EQ,NSE,NSE
4550145,17774,GROBTEA-BE,THE GROB TEA COMPANY,0.0,,0.0,0.05,1,EQ,NSE,NSE
21227266,82919,INDIACEM17DEC220PE,,43.45,2017-12-28,220.0,0.05,3500,PE,NFO-OPT,NFO
6938881,27105,CHROMATIC-BE,CHROMATIC INDIA,0.0,,0.0,0.05,1,EQ,NSE,NSE
4578305,17884,DBCORP-BL,D.B.CORP,0.0,,0.0,0.05,1,EQ,NSE,NSE
3155457,12326,DCW-BL,DCW,0.0,,0.0,0.05,1,EQ,NSE,NSE
5101569,19928,HUDCO-N8,7.64% TAX FREETRI SR2B,0.0,,0.0,0.01,1,EQ,NSE,NSE
1707521,6670,INFARINDIA,INFAR (INDIA),0.0,,0.0,0.05,1,EQ,NSE,NSE
21227522,82920,INDIACEM17DEC225CE,,0.4,2017-12-28,225.0,0.05,3500,CE,NFO-OPT,NFO
21228290,82923,INDIACEM17DEC230PE,,53.1,2017-12-28,230.0,0.05,3500,PE,NFO-OPT,NFO
136484868,533144,COX&KINGS,COX & KINGS,0.0,,0.0,0.05,1,EQ,BSE,BSE
12072962,47160,BANKNIFTY18JAN23400CE,,2622.0,2018-01-25,23400.0,0.05,40,CE,NFO-OPT,NFO
12073474,47162,BANKNIFTY18JAN23400PE,,29.85,2018-01-25,23400.0,0.05,40,PE,NFO-OPT,NFO
12075010,47168,BANKNIFTY18JAN23700CE,,2343.55,2018-01-25,23700.0,0.05,40,CE,NFO-OPT,NFO
21227778,82921,INDIACEM17DEC225PE,,48.25,2017-12-28,225.0,0.05,3500,PE,NFO-OPT,NFO
21228034,82922,INDIACEM17DEC230CE,,0.25,2017-12-28,230.0,0.05,3500,CE,NFO-OPT,NFO
112655620,440061,828GOI27-ML,828GOI2027,0.0,,0.0,0.25,500000,EQ,BSE,BSE
136441604,532975,AISHWARYA,AISHWARYA TELECOM,0.0,,0.0,0.01,1,EQ,BSE,BSE
136483076,533137,DEN,DEN NETWORKS,0.0,,0.0,0.05,1,EQ,BSE,BSE
136483332,533138,ASTEC,ASTEC LIFESCIENCES,0.0,,0.0,0.05,1,EQ,BSE,BSE
136485380,533146,DLINKINDIA,D-LINK (INDIA),0.0,,0.0,0.05,1,EQ,BSE,BSE
1219329,4763,BANKBARODA-BE,BOB - DEPO SETT,0.0,,0.0,0.05,1,EQ,NSE,NSE
2928385,11439,BANKBEES,RELIANCE ETF BANK BEES,0.0,,0.0,0.01,1,EQ,NSE,NSE
3715841,14515,BANSWRAS-BE,BANSWARA SYNTEX,0.0,,0.0,0.05,1,EQ,NSE,NSE
3137281,12255,BERGEPAINT-BL,BERGER PAINTS (I),0.0,,0.0,0.05,1,EQ,NSE,NSE
3901185,15239,BIRLAMONEY,ADITYA BIRLA MONEY,0.0,,0.0,0.05,1,EQ,NSE,NSE
1789185,6989,CARRIERAIR-BE,CARRIER AIRCON DEPO,0.0,,0.0,0.05,1,EQ,NSE,NSE
3123713,12202,CASTEXTECH-BL,CASTEX TECHNOLOGIES,0.0,,0.0,0.05,1,EQ,NSE,NSE
136485892,533148,JSWENERGY,JSW ENERGY,0.0,,0.0,0.05,1,EQ,BSE,BSE
136486916,533152,MBLINFRA,MBL INFRASTRUCTURES,0.0,,0.0,0.05,1,EQ,BSE,BSE
136487172,533153,FDCLTDBBPH,FDC*,0.0,,0.0,0.05,1,EQ,BSE,BSE
138027524,539170,AXISHB23DD,AXIS MUTUAL FUND,0.0,,0.0,0.01,1,EQ,BSE,BSE
244332292,954423,RCL14JUL16B,RCL-NIFTY-14-1-19-PVT,0.0,,0.0,0.01,10,EQ,BSE,BSE
244352260,954501,8HDFCL18,HDFCL-8%-15-1-18-PVT,0.0,,0.0,0.01,1,EQ,BSE,BSE
244834820,956386,945SREI24,SREI-9.45%-26-5-24-PVT,0.0,,0.0,0.01,1,EQ,BSE,BSE
5534209,21618,ABCAPITAL-BE,ADITYA BIRLA CAPITAL,0.0,,0.0,0.05,1,EQ,NSE,NSE
3412225,13329,ERAINFRA-BL,ERA INFRA ENGINEERING,0.0,,0.0,0.05,1,EQ,NSE,NSE
1884161,7360,SETFNN50-BL,SBI-ETF NIFTY NEXT 50,0.0,,0.0,0.01,1,EQ,NSE,NSE
3028225,11829,SSWL,STEEL STRIPS WHEELS,0.0,,0.0,0.05,1,EQ,NSE,NSE
12075266,47169,BANKNIFTY18JAN23700PE,,48.15,2018-01-25,23700.0,0.05,40,PE,NFO-OPT,NFO
12525058,48926,BANKNIFTY17DEC22500PE,,8.0,2017-12-28,22500.0,0.05,40,PE,NFO-OPT,NFO
13842434,54072,BANKNIFTY17NOV23600PE,,3.0,2017-11-30,23600.0,0.05,40,PE,NFO-OPT,NFO
6128129,23938,ESSARPORTS-BE,ESSAR PORTS,0.0,,0.0,0.05,1,EQ,NSE,NSE
21231874,82937,INDIANB17DEC160PE,,0.05,2017-12-28,160.0,0.05,2000,PE,NFO-OPT,NFO
136492036,533172,IVZINGOLD,INVESCO INDIA GOLD EXCHANGE TR,0.0,,0.0,0.01,1,EQ,BSE,BSE
21232386,82939,INDIANB17DEC170PE,,0.05,2017-12-28,170.0,0.05,2000,PE,NFO-OPT,NFO
13845506,54084,BANKNIFTY17NOV23900PE,,2.25,2017-11-30,23900.0,0.05,40,PE,NFO-OPT,NFO
136504580,533221,AHLWEST,ASIAN HOTELS (WEST),0.0,,0.0,0.05,1,EQ,BSE,BSE
4671233,18247,DEEPIND-BL,DEEP INDUSTRIES,0.0,,0.0,0.05,1,EQ,NSE,NSE
6562305,25634,ESSARSHPNG,ESSAR SHIPPING,0.0,,0.0,0.05,1,EQ,NSE,NSE
136518404,533275,GAL,GYSCOAL ALLOYS,0.0,,0.0,0.01,1,EQ,BSE,BSE
3604481,14080,GODREJIND-BE,GODREJ INDUSTRIES,0.0,,0.0,0.05,1,EQ,NSE,NSE
4527361,17685,GPTINFRA,GPT INFRAPROJECTS,0.0,,0.0,0.05,1,EQ,NSE,NSE
13845762,54085,BANKNIFTY17NOV24000CE,,1776.2,2017-11-30,24000.0,0.05,40,CE,NFO-OPT,NFO
211713,827,DEEPAKFERT,DEEPAK FERTILIZERS & PETR,0.0,,0.0,0.05,1,EQ,NSE,NSE
1256193,4907,ENGINERSIN,ENGINEERS INDIA,0.0,,0.0,0.05,1,EQ,NSE,NSE
3449089,13473,GTNTEX,GTN TEXTILES,0.0,,0.0,0.05,1,EQ,NSE,NSE
5003009,19543,HDFCMFGETF,HDFC GOLD ETF,0.0,,0.0,0.05,1,EQ,NSE,NSE
2166273,8462,DUNCANSIND-BE,DUNCANS INDUSTRIES,0.0,,0.0,0.05,1,EQ,NSE,NSE
21230850,82933,INDIANB17DEC140PE,,0.05,2017-12-28,140.0,0.05,2000,PE,NFO-OPT,NFO
21231106,82934,INDIANB17DEC150CE,,262.45,2017-12-28,150.0,0.05,2000,CE,NFO-OPT,NFO
21231362,82935,INDIANB17DEC150PE,,0.05,2017-12-28,150.0,0.05,2000,PE,NFO-OPT,NFO
136518660,533276,BSLIMITED,BS,0.0,,0.0,0.01,1,EQ,BSE,BSE
3798529,14838,DECCANCE,DECCAN CEMENTS,0.0,,0.0,0.05,1,EQ,NSE,NSE
212481,830,DEEPAKNITR,DEEPAK NITRITE,0.0,,0.0,0.05,1,EQ,NSE,NSE
3542273,13837,DONEAR-BL,DONEAR IND.,0.0,,0.0,0.05,1,EQ,NSE,NSE
3862529,15088,EDL,EMPEE DISTI.,0.0,,0.0,0.05,1,EQ,NSE,NSE
2389505,9334,RAVALSUGAR-BE,RAVALGAONSUGAR FARM,0.0,,0.0,0.05,1,EQ,NSE,NSE
21231618,82936,INDIANB17DEC160CE,,252.5,2017-12-28,160.0,0.05,2000,CE,NFO-OPT,NFO
21232130,82938,INDIANB17DEC170CE,,242.55,2017-12-28,170.0,0.05,2000,CE,NFO-OPT,NFO
112653060,440051,830GOI42-ML,830GOI2042,0.0,,0.0,0.25,500000,EQ,BSE,BSE
7697153,30067,DUNCANSLTD-BE,DUNCANS INDUSTRIES,0.0,,0.0,0.05,1,EQ,NSE,NSE
4818433,18822,ENDURANCE,ENDURANCE TECHNO.,0.0,,0.0,0.05,1,EQ,NSE,NSE
2683649,10483,ENTEGRA,ENTEGRA,0.0,,0.0,0.05,1,EQ,NSE,NSE
3411713,13327,ERAINFRA,ERA INFRA ENGINEERING,0.0,,0.0,0.05,1,EQ,NSE,NSE
6563329,25638,ESSARSHPNG-BE,ESSAR SHIPPING,0.0,,0.0,0.05,1,EQ,NSE,NSE
4352001,17000,GISOLUTION-BE,GI ENGINEERING SOLNS,0.0,,0.0,0.05,1,EQ,NSE,NSE
