﻿{
  "status": "success",
  "data": {
    "order_id": "123123",
    "exchange_order_id": "12341234",
    "tradingsymbol": "INF090I01239",
    "status": "COMPLETE",
    "status_message": "",
    "amount": 100,
    "folio": "1234ABC/123",
    "fund": "Franklin India Prima Plus",
    "order_timestamp": "2016-07-05 13:38",
    "exchange_timestamp": "2016-07-06",
    "settlement_id": "1617100",
    "transaction_type": "BUY",
    "variety": "regular",
    "purchase_type": "FRESH",
    "quantity": 10,
    "price": 0,
    "last_price": 580,
    "average_price": 500.4463,
    "placed_by": "AB0012",
    "tag": ""
  }
}