﻿{
  "status": "success",
  "data": [
    {
      "average_price": 0,
      "cancelled_quantity": 0,
      "disclosed_quantity": 0,
      "exchange": "BSE",
      "exchange_order_id": null,
      "exchange_timestamp": null,
      "filled_quantity": 0,
      "instrument_token": 4,
      "market_protection": 0,
      "order_id": "171124000819854",
      "order_timestamp": "2017-11-24 13:00:17",
      "order_type": "LIMIT",
      "parent_order_id": null,
      "pending_quantity": 100,
      "placed_by": "ZR0000",
      "price": 90,
      "product": "CNC",
      "quantity": 100,
      "status": "PUT ORDER REQ RECEIVED",
      "status_message": null,
      "tag": null,
      "tradingsymbol": "ASHOKLEY",
      "transaction_type": "BUY",
      "trigger_price": 0,
      "validity": "DAY",
      "variety": "regular"
    },
    {
      "average_price": 0,
      "cancelled_quantity": 0,
      "disclosed_quantity": 0,
      "exchange": "BSE",
      "exchange_order_id": null,
      "exchange_timestamp": null,
      "filled_quantity": 0,
      "instrument_token": 128122116,
      "market_protection": 0,
      "order_id": "171124000819854",
      "order_timestamp": "2017-11-24 13:00:17",
      "order_type": "LIMIT",
      "parent_order_id": null,
      "pending_quantity": 100,
      "placed_by": "ZR0000",
      "price": 90,
      "product": "CNC",
      "quantity": 100,
      "status": "VALIDATION PENDING",
      "status_message": null,
      "tag": null,
      "tradingsymbol": "ASHOKLEY",
      "transaction_type": "BUY",
      "trigger_price": 0,
      "validity": "DAY",
      "variety": "regular"
    },
    {
      "average_price": 0,
      "cancelled_quantity": 0,
      "disclosed_quantity": 0,
      "exchange": "BSE",
      "exchange_order_id": null,
      "exchange_timestamp": null,
      "filled_quantity": 0,
      "instrument_token": 128122116,
      "market_protection": 0,
      "order_id": "171124000819854",
      "order_timestamp": "2017-11-24 13:00:17",
      "order_type": "LIMIT",
      "parent_order_id": null,
      "pending_quantity": 0,
      "placed_by": "ZR0000",
      "price": 90,
      "product": "CNC",
      "quantity": 100,
      "status": "REJECTED",
      "status_message": "RMS:Rule: Check circuit limit including square off order exceeds  for entity account-DH0490 across exchange across segment across product ",
      "tag": null,
      "tradingsymbol": "ASHOKLEY",
      "transaction_type": "BUY",
      "trigger_price": 0,
      "validity": "DAY",
      "variety": "regular"
    }
  ]
}