﻿{
  "status": "success",
  "data": {
    "user_type": "investor",
    "email": "xxxyyy@gmail.com",
    "user_name": "AxAx Bxx",
    "user_shortname": "abc",
    "avatar_url": "http://zerodha.com",
    "broker": "ZERODHA",
    "exchanges": [
      "BSE",
      "BFO",
      "NFO",
      "MCX",
      "CDS",
      "NSE"
    ],
    "products": [
      "BO",
      "CNC",
      "CO",
      "MIS",
      "NRML"
    ],
    "order_types": [
      "LIMIT",
      "MARKET",
      "SL",
      "SL-M"
    ]
  }
}